YearsExperience,Salary
3.0,56643.0
1.4,46206.0
6.1,93941.0
8.0,101303.0
5.4,83089.0
3.8,57190.0
5.199999999999999,66030.0
10.4,122392.0
4.6,61112.0
7.199999999999999,98274.0
10.6,121873.0
5.0,67939.0
1.6,37732.0
6.9,91739.0
4.1,56958.0
3.1,60151.0
4.199999999999999,57082.0
9.1,105583.0
3.3000000000000003,64446.0
4.0,63219.0
2.1,43526.0
8.799999999999999,109432.0
