YearsExperience,Salary
1.2000000000000002,39344.0
4.1,55795.0
1.4,46206.0
5.0,67939.0
3.1,60151.0
4.6,61112.0
5.199999999999999,66030.0
4.1,56958.0
6.1,93941.0
2.3000000000000003,39892.0
10.4,122392.0
3.0,56643.0
3.8,57190.0
3.3000000000000003,64446.0
6.9,91739.0
10.6,121873.0
6.0,81364.0
3.3000000000000003,54446.0
8.0,101303.0
4.199999999999999,57082.0
2.1,43526.0
8.799999999999999,109432.0
